id,title,description,link,image_link,availability,price,brand,condition,google_product_category,item_group_id,product_type
abstract-metal-16x24,Abstract Print - Metal 16x24,Fine art metal print of 'Abstract'. Signed by Ryan Osmun.,https://ryanosmunphoto.com/photos/abstract.html,https://ryanosmunphoto.com/images/abstract.jpg,in stock,70.00 USD,Ryan Osmun,new,"Home & Garden > Decor > Artwork > Posters, Prints, & Visual Artwork",abstract,Fine Art > Photography Prints
abstract-metal-20x30,Abstract Print - Metal 20x30,Fine art metal print of 'Abstract'. Signed by Ryan Osmun.,https://ryanosmunphoto.com/photos/abstract.html,https://ryanosmunphoto.com/images/abstract.jpg,in stock,120.00 USD,Ryan Osmun,new,"Home & Garden > Decor > Artwork > Posters, Prints, & Visual Artwork",abstract,Fine Art > Photography Prints
abstract-metal-24x36,Abstract Print - Metal 24x36,Fine art metal print of 'Abstract'. Signed by Ryan Osmun.,https://ryanosmunphoto.com/photos/abstract.html,https://ryanosmunphoto.com/images/abstract.jpg,in stock,150.00 USD,Ryan Osmun,new,"Home & Garden > Decor > Artwork > Posters, Prints, & Visual Artwork",abstract,Fine Art > Photography Prints
abstract-metal-20x40,Abstract Print - Metal 20x40,Fine art metal print of 'Abstract'. Signed by Ryan Osmun.,https://ryanosmunphoto.com/photos/abstract.html,https://ryanosmunphoto.com/images/abstract.jpg,in stock,220.00 USD,Ryan Osmun,new,"Home & Garden > Decor > Artwork > Posters, Prints, & Visual Artwork",abstract,Fine Art > Photography Prints
abstract-acrylic-16x24,Abstract Print - Acrylic 16x24,Fine art acrylic print of 'Abstract'. Signed by Ryan Osmun.,https://ryanosmunphoto.com/photos/abstract.html,https://ryanosmunphoto.com/images/abstract.jpg,in stock,60.00 USD,Ryan Osmun,new,"Home & Garden > Decor > Artwork > Posters, Prints, & Visual Artwork",abstract,Fine Art > Photography Prints
abstract-acrylic-20x30,Abstract Print - Acrylic 20x30,Fine art acrylic print of 'Abstract'. Signed by Ryan Osmun.,https://ryanosmunphoto.com/photos/abstract.html,https://ryanosmunphoto.com/images/abstract.jpg,in stock,100.00 USD,Ryan Osmun,new,"Home & Garden > Decor > Artwork > Posters, Prints, & Visual Artwork",abstract,Fine Art > Photography Prints
abstract-acrylic-24x36,Abstract Print - Acrylic 24x36,Fine art acrylic print of 'Abstract'. Signed by Ryan Osmun.,https://ryanosmunphoto.com/photos/abstract.html,https://ryanosmunphoto.com/images/abstract.jpg,in stock,130.00 USD,Ryan Osmun,new,"Home & Garden > Decor > Artwork > Posters, Prints, & Visual Artwork",abstract,Fine Art > Photography Prints
abstract-acrylic-20x40,Abstract Print - Acrylic 20x40,Fine art acrylic print of 'Abstract'. Signed by Ryan Osmun.,https://ryanosmunphoto.com/photos/abstract.html,https://ryanosmunphoto.com/images/abstract.jpg,in stock,180.00 USD,Ryan Osmun,new,"Home & Garden > Decor > Artwork > Posters, Prints, & Visual Artwork",abstract,Fine Art > Photography Prints
antelopecanyon-metal-16x24,Antelopecanyon Print - Metal 16x24,Fine art metal print of 'Antelopecanyon'. Signed by Ryan Osmun.,https://ryanosmunphoto.com/photos/antelopecanyon.html,https://ryanosmunphoto.com/images/antelopecanyon.jpg,in stock,70.00 USD,Ryan Osmun,new,"Home & Garden > Decor > Artwork > Posters, Prints, & Visual Artwork",antelopecanyon,Fine Art > Photography Prints
antelopecanyon-metal-20x30,Antelopecanyon Print - Metal 20x30,Fine art metal print of 'Antelopecanyon'. Signed by Ryan Osmun.,https://ryanosmunphoto.com/photos/antelopecanyon.html,https://ryanosmunphoto.com/images/antelopecanyon.jpg,in stock,120.00 USD,Ryan Osmun,new,"Home & Garden > Decor > Artwork > Posters, Prints, & Visual Artwork",antelopecanyon,Fine Art > Photography Prints
antelopecanyon-metal-24x36,Antelopecanyon Print - Metal 24x36,Fine art metal print of 'Antelopecanyon'. Signed by Ryan Osmun.,https://ryanosmunphoto.com/photos/antelopecanyon.html,https://ryanosmunphoto.com/images/antelopecanyon.jpg,in stock,150.00 USD,Ryan Osmun,new,"Home & Garden > Decor > Artwork > Posters, Prints, & Visual Artwork",antelopecanyon,Fine Art > Photography Prints
antelopecanyon-metal-20x40,Antelopecanyon Print - Metal 20x40,Fine art metal print of 'Antelopecanyon'. Signed by Ryan Osmun.,https://ryanosmunphoto.com/photos/antelopecanyon.html,https://ryanosmunphoto.com/images/antelopecanyon.jpg,in stock,220.00 USD,Ryan Osmun,new,"Home & Garden > Decor > Artwork > Posters, Prints, & Visual Artwork",antelopecanyon,Fine Art > Photography Prints
antelopecanyon-acrylic-16x24,Antelopecanyon Print - Acrylic 16x24,Fine art acrylic print of 'Antelopecanyon'. Signed by Ryan Osmun.,https://ryanosmunphoto.com/photos/antelopecanyon.html,https://ryanosmunphoto.com/images/antelopecanyon.jpg,in stock,60.00 USD,Ryan Osmun,new,"Home & Garden > Decor > Artwork > Posters, Prints, & Visual Artwork",antelopecanyon,Fine Art > Photography Prints
antelopecanyon-acrylic-20x30,Antelopecanyon Print - Acrylic 20x30,Fine art acrylic print of 'Antelopecanyon'. Signed by Ryan Osmun.,https://ryanosmunphoto.com/photos/antelopecanyon.html,https://ryanosmunphoto.com/images/antelopecanyon.jpg,in stock,100.00 USD,Ryan Osmun,new,"Home & Garden > Decor > Artwork > Posters, Prints, & Visual Artwork",antelopecanyon,Fine Art > Photography Prints
antelopecanyon-acrylic-24x36,Antelopecanyon Print - Acrylic 24x36,Fine art acrylic print of 'Antelopecanyon'. Signed by Ryan Osmun.,https://ryanosmunphoto.com/photos/antelopecanyon.html,https://ryanosmunphoto.com/images/antelopecanyon.jpg,in stock,130.00 USD,Ryan Osmun,new,"Home & Garden > Decor > Artwork > Posters, Prints, & Visual Artwork",antelopecanyon,Fine Art > Photography Prints
antelopecanyon-acrylic-20x40,Antelopecanyon Print - Acrylic 20x40,Fine art acrylic print of 'Antelopecanyon'. Signed by Ryan Osmun.,https://ryanosmunphoto.com/photos/antelopecanyon.html,https://ryanosmunphoto.com/images/antelopecanyon.jpg,in stock,180.00 USD,Ryan Osmun,new,"Home & Garden > Decor > Artwork > Posters, Prints, & Visual Artwork",antelopecanyon,Fine Art > Photography Prints
buffalo-metal-16x24,Buffalo Print - Metal 16x24,Fine art metal print of 'Buffalo'. Signed by Ryan Osmun.,https://ryanosmunphoto.com/photos/buffalo.html,https://ryanosmunphoto.com/images/buffalo.jpg,in stock,70.00 USD,Ryan Osmun,new,"Home & Garden > Decor > Artwork > Posters, Prints, & Visual Artwork",buffalo,Fine Art > Photography Prints
buffalo-metal-20x30,Buffalo Print - Metal 20x30,Fine art metal print of 'Buffalo'. Signed by Ryan Osmun.,https://ryanosmunphoto.com/photos/buffalo.html,https://ryanosmunphoto.com/images/buffalo.jpg,in stock,120.00 USD,Ryan Osmun,new,"Home & Garden > Decor > Artwork > Posters, Prints, & Visual Artwork",buffalo,Fine Art > Photography Prints
buffalo-metal-24x36,Buffalo Print - Metal 24x36,Fine art metal print of 'Buffalo'. Signed by Ryan Osmun.,https://ryanosmunphoto.com/photos/buffalo.html,https://ryanosmunphoto.com/images/buffalo.jpg,in stock,150.00 USD,Ryan Osmun,new,"Home & Garden > Decor > Artwork > Posters, Prints, & Visual Artwork",buffalo,Fine Art > Photography Prints
buffalo-metal-20x40,Buffalo Print - Metal 20x40,Fine art metal print of 'Buffalo'. Signed by Ryan Osmun.,https://ryanosmunphoto.com/photos/buffalo.html,https://ryanosmunphoto.com/images/buffalo.jpg,in stock,220.00 USD,Ryan Osmun,new,"Home & Garden > Decor > Artwork > Posters, Prints, & Visual Artwork",buffalo,Fine Art > Photography Prints
buffalo-acrylic-16x24,Buffalo Print - Acrylic 16x24,Fine art acrylic print of 'Buffalo'. Signed by Ryan Osmun.,https://ryanosmunphoto.com/photos/buffalo.html,https://ryanosmunphoto.com/images/buffalo.jpg,in stock,60.00 USD,Ryan Osmun,new,"Home & Garden > Decor > Artwork > Posters, Prints, & Visual Artwork",buffalo,Fine Art > Photography Prints
buffalo-acrylic-20x30,Buffalo Print - Acrylic 20x30,Fine art acrylic print of 'Buffalo'. Signed by Ryan Osmun.,https://ryanosmunphoto.com/photos/buffalo.html,https://ryanosmunphoto.com/images/buffalo.jpg,in stock,100.00 USD,Ryan Osmun,new,"Home & Garden > Decor > Artwork > Posters, Prints, & Visual Artwork",buffalo,Fine Art > Photography Prints
buffalo-acrylic-24x36,Buffalo Print - Acrylic 24x36,Fine art acrylic print of 'Buffalo'. Signed by Ryan Osmun.,https://ryanosmunphoto.com/photos/buffalo.html,https://ryanosmunphoto.com/images/buffalo.jpg,in stock,130.00 USD,Ryan Osmun,new,"Home & Garden > Decor > Artwork > Posters, Prints, & Visual Artwork",buffalo,Fine Art > Photography Prints
buffalo-acrylic-20x40,Buffalo Print - Acrylic 20x40,Fine art acrylic print of 'Buffalo'. Signed by Ryan Osmun.,https://ryanosmunphoto.com/photos/buffalo.html,https://ryanosmunphoto.com/images/buffalo.jpg,in stock,180.00 USD,Ryan Osmun,new,"Home & Garden > Decor > Artwork > Posters, Prints, & Visual Artwork",buffalo,Fine Art > Photography Prints
monument-costco-metal-16x24,Monument Costco Print - Metal 16x24,Fine art metal print of 'Monument Costco'. Signed by Ryan Osmun.,https://ryanosmunphoto.com/photos/monument%20costco.html,https://ryanosmunphoto.com/images/monument%20costco.jpg,in stock,70.00 USD,Ryan Osmun,new,"Home & Garden > Decor > Artwork > Posters, Prints, & Visual Artwork",monument-costco,Fine Art > Photography Prints
monument-costco-metal-20x30,Monument Costco Print - Metal 20x30,Fine art metal print of 'Monument Costco'. Signed by Ryan Osmun.,https://ryanosmunphoto.com/photos/monument%20costco.html,https://ryanosmunphoto.com/images/monument%20costco.jpg,in stock,120.00 USD,Ryan Osmun,new,"Home & Garden > Decor > Artwork > Posters, Prints, & Visual Artwork",monument-costco,Fine Art > Photography Prints
monument-costco-metal-24x36,Monument Costco Print - Metal 24x36,Fine art metal print of 'Monument Costco'. Signed by Ryan Osmun.,https://ryanosmunphoto.com/photos/monument%20costco.html,https://ryanosmunphoto.com/images/monument%20costco.jpg,in stock,150.00 USD,Ryan Osmun,new,"Home & Garden > Decor > Artwork > Posters, Prints, & Visual Artwork",monument-costco,Fine Art > Photography Prints
monument-costco-metal-20x40,Monument Costco Print - Metal 20x40,Fine art metal print of 'Monument Costco'. Signed by Ryan Osmun.,https://ryanosmunphoto.com/photos/monument%20costco.html,https://ryanosmunphoto.com/images/monument%20costco.jpg,in stock,220.00 USD,Ryan Osmun,new,"Home & Garden > Decor > Artwork > Posters, Prints, & Visual Artwork",monument-costco,Fine Art > Photography Prints
monument-costco-acrylic-16x24,Monument Costco Print - Acrylic 16x24,Fine art acrylic print of 'Monument Costco'. Signed by Ryan Osmun.,https://ryanosmunphoto.com/photos/monument%20costco.html,https://ryanosmunphoto.com/images/monument%20costco.jpg,in stock,60.00 USD,Ryan Osmun,new,"Home & Garden > Decor > Artwork > Posters, Prints, & Visual Artwork",monument-costco,Fine Art > Photography Prints
monument-costco-acrylic-20x30,Monument Costco Print - Acrylic 20x30,Fine art acrylic print of 'Monument Costco'. Signed by Ryan Osmun.,https://ryanosmunphoto.com/photos/monument%20costco.html,https://ryanosmunphoto.com/images/monument%20costco.jpg,in stock,100.00 USD,Ryan Osmun,new,"Home & Garden > Decor > Artwork > Posters, Prints, & Visual Artwork",monument-costco,Fine Art > Photography Prints
monument-costco-acrylic-24x36,Monument Costco Print - Acrylic 24x36,Fine art acrylic print of 'Monument Costco'. Signed by Ryan Osmun.,https://ryanosmunphoto.com/photos/monument%20costco.html,https://ryanosmunphoto.com/images/monument%20costco.jpg,in stock,130.00 USD,Ryan Osmun,new,"Home & Garden > Decor > Artwork > Posters, Prints, & Visual Artwork",monument-costco,Fine Art > Photography Prints
monument-costco-acrylic-20x40,Monument Costco Print - Acrylic 20x40,Fine art acrylic print of 'Monument Costco'. Signed by Ryan Osmun.,https://ryanosmunphoto.com/photos/monument%20costco.html,https://ryanosmunphoto.com/images/monument%20costco.jpg,in stock,180.00 USD,Ryan Osmun,new,"Home & Garden > Decor > Artwork > Posters, Prints, & Visual Artwork",monument-costco,Fine Art > Photography Prints
rainbowstorm-metal-16x24,Rainbowstorm Print - Metal 16x24,Fine art metal print of 'Rainbowstorm'. Signed by Ryan Osmun.,https://ryanosmunphoto.com/photos/rainbowstorm.html,https://ryanosmunphoto.com/images/rainbowstorm.jpg,in stock,70.00 USD,Ryan Osmun,new,"Home & Garden > Decor > Artwork > Posters, Prints, & Visual Artwork",rainbowstorm,Fine Art > Photography Prints
rainbowstorm-metal-20x30,Rainbowstorm Print - Metal 20x30,Fine art metal print of 'Rainbowstorm'. Signed by Ryan Osmun.,https://ryanosmunphoto.com/photos/rainbowstorm.html,https://ryanosmunphoto.com/images/rainbowstorm.jpg,in stock,120.00 USD,Ryan Osmun,new,"Home & Garden > Decor > Artwork > Posters, Prints, & Visual Artwork",rainbowstorm,Fine Art > Photography Prints
rainbowstorm-metal-24x36,Rainbowstorm Print - Metal 24x36,Fine art metal print of 'Rainbowstorm'. Signed by Ryan Osmun.,https://ryanosmunphoto.com/photos/rainbowstorm.html,https://ryanosmunphoto.com/images/rainbowstorm.jpg,in stock,150.00 USD,Ryan Osmun,new,"Home & Garden > Decor > Artwork > Posters, Prints, & Visual Artwork",rainbowstorm,Fine Art > Photography Prints
rainbowstorm-metal-20x40,Rainbowstorm Print - Metal 20x40,Fine art metal print of 'Rainbowstorm'. Signed by Ryan Osmun.,https://ryanosmunphoto.com/photos/rainbowstorm.html,https://ryanosmunphoto.com/images/rainbowstorm.jpg,in stock,220.00 USD,Ryan Osmun,new,"Home & Garden > Decor > Artwork > Posters, Prints, & Visual Artwork",rainbowstorm,Fine Art > Photography Prints
rainbowstorm-acrylic-16x24,Rainbowstorm Print - Acrylic 16x24,Fine art acrylic print of 'Rainbowstorm'. Signed by Ryan Osmun.,https://ryanosmunphoto.com/photos/rainbowstorm.html,https://ryanosmunphoto.com/images/rainbowstorm.jpg,in stock,60.00 USD,Ryan Osmun,new,"Home & Garden > Decor > Artwork > Posters, Prints, & Visual Artwork",rainbowstorm,Fine Art > Photography Prints
rainbowstorm-acrylic-20x30,Rainbowstorm Print - Acrylic 20x30,Fine art acrylic print of 'Rainbowstorm'. Signed by Ryan Osmun.,https://ryanosmunphoto.com/photos/rainbowstorm.html,https://ryanosmunphoto.com/images/rainbowstorm.jpg,in stock,100.00 USD,Ryan Osmun,new,"Home & Garden > Decor > Artwork > Posters, Prints, & Visual Artwork",rainbowstorm,Fine Art > Photography Prints
rainbowstorm-acrylic-24x36,Rainbowstorm Print - Acrylic 24x36,Fine art acrylic print of 'Rainbowstorm'. Signed by Ryan Osmun.,https://ryanosmunphoto.com/photos/rainbowstorm.html,https://ryanosmunphoto.com/images/rainbowstorm.jpg,in stock,130.00 USD,Ryan Osmun,new,"Home & Garden > Decor > Artwork > Posters, Prints, & Visual Artwork",rainbowstorm,Fine Art > Photography Prints
rainbowstorm-acrylic-20x40,Rainbowstorm Print - Acrylic 20x40,Fine art acrylic print of 'Rainbowstorm'. Signed by Ryan Osmun.,https://ryanosmunphoto.com/photos/rainbowstorm.html,https://ryanosmunphoto.com/images/rainbowstorm.jpg,in stock,180.00 USD,Ryan Osmun,new,"Home & Garden > Decor > Artwork > Posters, Prints, & Visual Artwork",rainbowstorm,Fine Art > Photography Prints
superstitionmtn-metal-16x24,Superstitionmtn Print - Metal 16x24,Fine art metal print of 'Superstitionmtn'. Signed by Ryan Osmun.,https://ryanosmunphoto.com/photos/superstitionmtn.html,https://ryanosmunphoto.com/images/superstitionmtn.jpg,in stock,70.00 USD,Ryan Osmun,new,"Home & Garden > Decor > Artwork > Posters, Prints, & Visual Artwork",superstitionmtn,Fine Art > Photography Prints
superstitionmtn-metal-20x30,Superstitionmtn Print - Metal 20x30,Fine art metal print of 'Superstitionmtn'. Signed by Ryan Osmun.,https://ryanosmunphoto.com/photos/superstitionmtn.html,https://ryanosmunphoto.com/images/superstitionmtn.jpg,in stock,120.00 USD,Ryan Osmun,new,"Home & Garden > Decor > Artwork > Posters, Prints, & Visual Artwork",superstitionmtn,Fine Art > Photography Prints
superstitionmtn-metal-24x36,Superstitionmtn Print - Metal 24x36,Fine art metal print of 'Superstitionmtn'. Signed by Ryan Osmun.,https://ryanosmunphoto.com/photos/superstitionmtn.html,https://ryanosmunphoto.com/images/superstitionmtn.jpg,in stock,150.00 USD,Ryan Osmun,new,"Home & Garden > Decor > Artwork > Posters, Prints, & Visual Artwork",superstitionmtn,Fine Art > Photography Prints
superstitionmtn-metal-20x40,Superstitionmtn Print - Metal 20x40,Fine art metal print of 'Superstitionmtn'. Signed by Ryan Osmun.,https://ryanosmunphoto.com/photos/superstitionmtn.html,https://ryanosmunphoto.com/images/superstitionmtn.jpg,in stock,220.00 USD,Ryan Osmun,new,"Home & Garden > Decor > Artwork > Posters, Prints, & Visual Artwork",superstitionmtn,Fine Art > Photography Prints
superstitionmtn-acrylic-16x24,Superstitionmtn Print - Acrylic 16x24,Fine art acrylic print of 'Superstitionmtn'. Signed by Ryan Osmun.,https://ryanosmunphoto.com/photos/superstitionmtn.html,https://ryanosmunphoto.com/images/superstitionmtn.jpg,in stock,60.00 USD,Ryan Osmun,new,"Home & Garden > Decor > Artwork > Posters, Prints, & Visual Artwork",superstitionmtn,Fine Art > Photography Prints
superstitionmtn-acrylic-20x30,Superstitionmtn Print - Acrylic 20x30,Fine art acrylic print of 'Superstitionmtn'. Signed by Ryan Osmun.,https://ryanosmunphoto.com/photos/superstitionmtn.html,https://ryanosmunphoto.com/images/superstitionmtn.jpg,in stock,100.00 USD,Ryan Osmun,new,"Home & Garden > Decor > Artwork > Posters, Prints, & Visual Artwork",superstitionmtn,Fine Art > Photography Prints
superstitionmtn-acrylic-24x36,Superstitionmtn Print - Acrylic 24x36,Fine art acrylic print of 'Superstitionmtn'. Signed by Ryan Osmun.,https://ryanosmunphoto.com/photos/superstitionmtn.html,https://ryanosmunphoto.com/images/superstitionmtn.jpg,in stock,130.00 USD,Ryan Osmun,new,"Home & Garden > Decor > Artwork > Posters, Prints, & Visual Artwork",superstitionmtn,Fine Art > Photography Prints
superstitionmtn-acrylic-20x40,Superstitionmtn Print - Acrylic 20x40,Fine art acrylic print of 'Superstitionmtn'. Signed by Ryan Osmun.,https://ryanosmunphoto.com/photos/superstitionmtn.html,https://ryanosmunphoto.com/images/superstitionmtn.jpg,in stock,180.00 USD,Ryan Osmun,new,"Home & Garden > Decor > Artwork > Posters, Prints, & Visual Artwork",superstitionmtn,Fine Art > Photography Prints
utahbigarch-metal-16x24,Utahbigarch Print - Metal 16x24,Fine art metal print of 'Utahbigarch'. Signed by Ryan Osmun.,https://ryanosmunphoto.com/photos/utahbigarch.html,https://ryanosmunphoto.com/images/utahbigarch.jpg,in stock,70.00 USD,Ryan Osmun,new,"Home & Garden > Decor > Artwork > Posters, Prints, & Visual Artwork",utahbigarch,Fine Art > Photography Prints
utahbigarch-metal-20x30,Utahbigarch Print - Metal 20x30,Fine art metal print of 'Utahbigarch'. Signed by Ryan Osmun.,https://ryanosmunphoto.com/photos/utahbigarch.html,https://ryanosmunphoto.com/images/utahbigarch.jpg,in stock,120.00 USD,Ryan Osmun,new,"Home & Garden > Decor > Artwork > Posters, Prints, & Visual Artwork",utahbigarch,Fine Art > Photography Prints
utahbigarch-metal-24x36,Utahbigarch Print - Metal 24x36,Fine art metal print of 'Utahbigarch'. Signed by Ryan Osmun.,https://ryanosmunphoto.com/photos/utahbigarch.html,https://ryanosmunphoto.com/images/utahbigarch.jpg,in stock,150.00 USD,Ryan Osmun,new,"Home & Garden > Decor > Artwork > Posters, Prints, & Visual Artwork",utahbigarch,Fine Art > Photography Prints
utahbigarch-metal-20x40,Utahbigarch Print - Metal 20x40,Fine art metal print of 'Utahbigarch'. Signed by Ryan Osmun.,https://ryanosmunphoto.com/photos/utahbigarch.html,https://ryanosmunphoto.com/images/utahbigarch.jpg,in stock,220.00 USD,Ryan Osmun,new,"Home & Garden > Decor > Artwork > Posters, Prints, & Visual Artwork",utahbigarch,Fine Art > Photography Prints
utahbigarch-acrylic-16x24,Utahbigarch Print - Acrylic 16x24,Fine art acrylic print of 'Utahbigarch'. Signed by Ryan Osmun.,https://ryanosmunphoto.com/photos/utahbigarch.html,https://ryanosmunphoto.com/images/utahbigarch.jpg,in stock,60.00 USD,Ryan Osmun,new,"Home & Garden > Decor > Artwork > Posters, Prints, & Visual Artwork",utahbigarch,Fine Art > Photography Prints
utahbigarch-acrylic-20x30,Utahbigarch Print - Acrylic 20x30,Fine art acrylic print of 'Utahbigarch'. Signed by Ryan Osmun.,https://ryanosmunphoto.com/photos/utahbigarch.html,https://ryanosmunphoto.com/images/utahbigarch.jpg,in stock,100.00 USD,Ryan Osmun,new,"Home & Garden > Decor > Artwork > Posters, Prints, & Visual Artwork",utahbigarch,Fine Art > Photography Prints
utahbigarch-acrylic-24x36,Utahbigarch Print - Acrylic 24x36,Fine art acrylic print of 'Utahbigarch'. Signed by Ryan Osmun.,https://ryanosmunphoto.com/photos/utahbigarch.html,https://ryanosmunphoto.com/images/utahbigarch.jpg,in stock,130.00 USD,Ryan Osmun,new,"Home & Garden > Decor > Artwork > Posters, Prints, & Visual Artwork",utahbigarch,Fine Art > Photography Prints
utahbigarch-acrylic-20x40,Utahbigarch Print - Acrylic 20x40,Fine art acrylic print of 'Utahbigarch'. Signed by Ryan Osmun.,https://ryanosmunphoto.com/photos/utahbigarch.html,https://ryanosmunphoto.com/images/utahbigarch.jpg,in stock,180.00 USD,Ryan Osmun,new,"Home & Garden > Decor > Artwork > Posters, Prints, & Visual Artwork",utahbigarch,Fine Art > Photography Prints
